<?xml version="1.0" encoding="utf-8" standalone="yes"?>
<rss version="2.0" xmlns:atom="http://www.w3.org/2005/Atom">
  <channel>
    <title>FAQ on CFP National Championship Game 2026 || Indiana Hoosiers vs Miami Hurricanes</title>
    <link>https://cfpfinallive.netlify.app/faq/</link>
    <description>Recent content in FAQ on CFP National Championship Game 2026 || Indiana Hoosiers vs Miami Hurricanes</description>
    <generator>Hugo</generator>
    <language>en-us</language>
    <lastBuildDate></lastBuildDate>
    <atom:link href="https://cfpfinallive.netlify.app/faq/index.xml" rel="self" type="application/rss+xml" />
  </channel>
</rss>
